name,sex
MARIA,F
JUAN,M
CARLOS,M
JOSE,M
JORGE,M
LUIS,M
VICTOR,M
MIGUEL,M
OSCAR,M
RAMON,M
LIZ,F
HUGO,M
FRANCISCO,M
PEDRO,M
DIEGO,M
ANA,F
JULIO,M
CESAR,M
GUSTAVO,M
SERGIO,M
FERNANDO,M
ANDREA,F
MARCOS,M
ANGEL,M
RUBEN,M
LAURA,F
CRISTIAN,M
LUCAS,M
MARIO,M
RICARDO,M
LUZ,F
CARMEN,F
RAMONA,F
ROSA,F
ALEJANDRO,M
ANTONIO,M
NORMA,F
FATIMA,F
NANCY,F
MIRIAN,F
WALTER,M
RODRIGO,M
PABLO,M
SANDRA,F
EDGAR,M
ROCIO,F
ROBERTO,M
BLANCA,F
CLAUDIA,F
DIANA,F
GLADYS,F
ARNALDO,M
NATALIA,F
PATRICIA,F
HECTOR,M
GRACIELA,F
JUANA,F
MARCELO,M
LILIANA,F
ROMINA,F
LOURDES,F
GABRIELA,F
MIRTA,F
LIDIA,F
GLORIA,F
DANIEL,M
DERLIS,M
MATIAS,M
LUCIA,F
SONIA,F
ALFREDO,M
NELSON,M
RUTH,F
ADRIANA,F
EDUARDO,M
ALICIA,F
CAMILA,F
MARTA,F
VERONICA,F
ROLANDO,M
ALBERTO,M
ANDRES,M
NESTOR,M
CECILIA,F
MONICA,F
NOELIA,F
DAVID,M
JAVIER,M
RICHARD,M
LORENA,F
ELIAS,M
MIRTHA,F
CHRISTIAN,M
ZULMA,F
SANTIAGO,M
SILVIA,F
ANALIA,F
YESSICA,F
FRANCISCA,F
OLGA,F
DAHIANA,F
ALEXIS,M
NILDA,F
YANINA,F
MARIELA,F
CLAUDIO,M
IVAN,M
TERESA,F
CAROLINA,F
CRISTHIAN,M
DARIO,M
IRMA,F
NICOLAS,M
LILIAN,F
ALCIDES,M
MILAGROS,F
EVER,M
VIVIANA,F
ESTEBAN,M
JESSICA,F
NIDIA,F
SOFIA,F
ANTONIA,F
CELIA,F
GABRIEL,M
JULIA,F
GUILLERMO,M
SARA,F
MATHIAS,M
KAREN,F
CINTHIA,F
PERLA,F
CRISTINA,F
ALDO,M
SILVIO,M
ROQUE,M
DELIA,F
SUSANA,F
PAOLA,F
ROSANA,F
ENRIQUE,M
ZUNILDA,F
ARACELI,F
LETICIA,F
ANIBAL,M
SEBASTIAN,M
CELSO,M
CYNTHIA,F
ESTELA,F
VICENTE,M
FELIX,M
MICAELA,F
MERCEDES,F
ALEJANDRA,F
DORA,F
MANUEL,M
LEONARDO,M
MARGARITA,F
ARMANDO,M
MARTIN,M
ELSA,F
FLORENCIA,F
OSVALDO,M
MIRNA,F
ELVA,F
LORENZO,M
ELVIO,M
BLAS,M
FELIPE,M
KARINA,F
IGNACIO,M
DANIELA,F
KEVIN,M
EVA,F
ROSSANA,F
FRANCO,M
FREDY,M
JOHANA,F
ANGELA,F
VIRGINIA,F
RAUL,M
ISABEL,F
DENIS,M
WILSON,M
ALBA,F
JONATHAN,M
ARIEL,M
ADRIAN,M
JUNIOR,M
GREGORIO,M
ALAN,M
MILCIADES,M
RAFAEL,M
FACUNDO,M
TANIA,F
DEISY,F
CLARA,F
GRISELDA,F
MARIANO,M
FABIO,M
EMILIO,M
NELIDA,F
VICTORIA,F
CATALINA,F
NINFA,F
ARTURO,M
HILDA,F
MARIANA,F
TATIANA,F
ERIKA,F
LEANDRO,M
YAMILA,F
ELENA,F
WILLIAN,M
WILFRIDO,M
EVELYN,F
LUISA,F
ANGELICA,F
NELLY,F
PAMELA,F
MARCO,M
JAZMIN,F
BERNARDO,M
MAURICIO,M
AGUSTIN,M
HERNAN,M
TAMARA,F
RODOLFO,M
GERARDO,M
JESUS,M
LUCIANO,M
ISIDRO,M
TOMAS,M
VALERIA,F
RAQUEL,F
YESICA,F
ADOLFO,M
FEDERICO,M
AURORA,F
AXEL,M
JOSEFINA,F
YOHANA,F
JULIANA,F
LUCIO,M
ORLANDO,M
MARINA,F
ELISA,F
GERMAN,M
ALEXANDER,M
ENZO,M
THIAGO,M
JOEL,M
MARCIAL,M
REINALDO,M
JUSTO,M
TEODORO,M
EUGENIA,F
JULIAN,M
EUGENIO,M
DOMINGO,M
AGUSTINA,F
GUIDO,M
JORGELINA,F
SOL,F
ELIZABETH,F
AIDA,F
OSMAR,M
LORENZA,F
FABIAN,M
YENIFER,F
VANESSA,F
YOLANDA,F
PABLINA,F
MARCELINO,M
EZEQUIEL,M
MARLENE,F
EMILIANO,M
ELADIO,M
MIRIAM,F
GILBERTO,M
FABIANA,F
ELIDA,F
WILMA,F
ROSALINA,F
FELICIA,F
AUGUSTO,M
PABLA,F
MAURO,M
EDITH,F
NILSA,F
MARCELA,F
BRIAN,M
OMAR,M
IRENE,F
ELVIRA,F
CELSA,F
VIRGILIO,M
EVELIN,F
ANGELINA,F
MAYRA,F
GONZALO,M
SAMUEL,M
LUCIANA,F
WILLIAM,M
ARSENIO,M
GRICELDA,F
FELICITA,F
JUSTINA,F
DOMINGA,F
ADA,F
EMANUEL,M
CARINA,F
CINTIA,F
DAISY,F
ADELA,F
CARMELO,M
FIDEL,M
EUSEBIO,M
INGRID,F
DAMARIS,F
RITA,F
CRISTOBAL,M
PAULA,F
HERMINIO,M
ELIGIO,M
DIOSNEL,M
ALEX,M
IGNACIA,F
CELESTE,F
NORA,F
ERNESTO,M
DIGNA,F
LIBRADA,F
REINA,F
DIONICIO,M
MAIRA,F
ELIANA,F
MARCELINA,F
MIGUELA,F
GREGORIA,F
BIANCA,F
ISMAEL,M
ROBERT,M
VALENTINA,F
BRUNO,M
NATIVIDAD,F
MABEL,F
SHIRLEY,F
BRAHIAN,M
FABIOLA,F
EMILIA,F
GUADALUPE,F
HERMELINDA,F
LEILA,F
FIORELLA,F
BENJAMIN,M
MAGDALENA,F
SILVINA,F
NADIA,F
RONALDO,M
ALBINO,M
AMELIA,F
ABEL,M
FERMIN,M
ISAIAS,M
JOSIAS,M
LURDES,F
BEATRIZ,F
BENITA,F
ESMILCE,F
MAXIMO,M
FIDELINA,F
VANESA,F
DEYSI,F
EMIGDIO,M
LILIA,F
ADELAIDA,F
GERONIMO,M
PORFIRIA,F
FERMINA,F
ROSALIA,F
HERMINIA,F
TOBIAS,M
TERESITA,F
ROGELIO,M
ROSALBA,F
SIXTO,M
CELINA,F
PETRONA,F
NIMIA,F
MELISSA,F
BERNARDINO,M
RICHAR,M
TEODORA,F
BASILIO,M
ISABELINO,M
MARISA,F
SILVANA,F
JEREMIAS,M
TOMASA,F
DAMIAN,M
CLAUDELINA,F
ROXANA,F
ANDRESA,F
DIONISIO,M
CATALINO,M
MYRIAN,F
CEFERINO,M
BERNARDA,F
PORFIRIO,M
AMADO,M
BELEN,F
FLORENCIO,M
LUCILA,F
MARTHA,F
IRIS,F
REBECA,F
VIVIAN,F
SELVA,F
NERY,U
TRINIDAD,U
CRUZ,U
GUIA,U
ASUNCION,U
ROSARIO,F
PILAR,F
SOLEDAD,F
CONSUELO,F
DOLORES,F
ENCARNACION,F
AMPARO,F
NIEVES,F
JHONNY,M
JOHNNY,M
YONI,M
JHON,M
JOHN,M
WILLY,M
FREDDY,M
EDDIE,M
HENRY,M
NELVI,U
ANYI,F
ANGIE,F
YENNY,F
JENNY,F
YENI,F
KATERIN,F
KATHERINE,F
JAQUELINE,F
JACQUELINE,F
YAQUELIN,F
PAMELA,F
XIMENA,F
JIMENA,F
NAYELI,F
AYELEN,F
AILEN,F
BRISA,F
MILENA,F
SELENA,F
LUANA,F
ZOE,F
MIA,F
EMMA,F
ISIS,F
NAOMI,F
NAHIR,F
ARAMI,F
JAZMIN,F
ROSMARY,F
ROSEMARY,F
GRETA,F
GISELLE,F
GISELA,F
GISSEL,F
GISSELLE,F
YISEL,F
JISSEL,F
MONSERRAT,F
MONTSERRAT,F
MONSERRATH,F
ANTONELLA,F
ANTONELA,F
MARIANELA,F
MARILYN,F
MARILIN,F
MAIA,F
MAITE,F
MAYTE,F
MELANY,F
MELANI,F
STEFANIA,F
ESTEFANIA,F
STEPHANIE,F
YAMILE,F
YAMIL,M
NAHUEL,M
IKER,M
DYLAN,M
BRYAN,M
BRAYAN,M
ELIAN,M
IAN,M
LIAM,M
MATEO,M
BAUTISTA,M
BENICIO,M
VALENTINO,M
SANTINO,M
LAUTARO,M
TOBIAS,M
JOAQUIN,M
FELICIANO,M
ANASTACIO,M
APOLONIO,M
ATANACIO,M
BALDOMERO,M
BARSILICIO,M
CANDIDO,M
CASIMIRO,M
CATALINO,M
CIRILO,M
CRESCENCIO,M
CRISPIN,M
EUSTACIO,M
FULGENCIO,M
GABINO,M
HERIBERTO,M
HERMES,M
HILARIO,M
INOCENCIO,M
ISAAC,M
ISACIO,M
LADISLAO,M
LEOPOLDO,M
LISANDRO,M
MELQUICEDEC,M
MODESTO,M
NARCISO,M
NICANOR,M
OLIMPIO,M
OVIDIO,M
PATROCINIO,M
PAULINO,M
POLICARPO,M
PRIMIO,M
REMIGIO,M
ROSALINO,M
RUFINO,M
SALOMON,M
SALVADOR,M
SANSON,M
SILVANO,M
SIMEON,M
TADEO,M
TEOFILO,M
UBALDO,M
ULISES,M
VENANCIO,M
VIDAL,M
VITALINO,M
WILBERTO,M
WILDO,M
ZACARIAS,M
ANSELMA,F
APOLONIA,F
AURELIA,F
BALBINA,F
BASILIA,F
BENIGNA,F
BRIGIDA,F
CANDIDA,F
CELESTINA,F
CIRILA,F
CLOTILDE,F
CRESCENCIA,F
DALILA,F
DEMETRIA,F
DEOLINDA,F
EDELIRA,F
ELEUTERIA,F
EMILCE,F
ERCILIA,F
ESTANISLAA,F
ESTHER,F
ETELVINA,F
EUFRACIA,F
EULALIA,F
FELICIANA,F
FELISA,F
FILOMENA,F
GENOVEBA,F
GENOVEVA,F
GERTRUDIS,F
HIRMINA,F
INOCENCIA,F
JOSEFA,F
LEONA,F
LEONIDA,F
LIDUVINA,F
LORETO,U
MARCIANA,F
MATILDE,F
MAXIMA,F
MODESTA,F
NATALICIA,F
OBDULIA,F
OTILIA,F
PASCUALA,F
PAULINA,F
PERPETUA,F
PETRONILA,F
PRIMITIVA,F
RAMONCITA,F
RUFINA,F
SATURNINA,F
SEBASTIANA,F
SECUNDINA,F
SERGIA,F
SILVERIA,F
TEOFILA,F
UBALDA,F
VICENTA,F
VICTORINA,F
VIRULA,F
ZULEMA,F
ZUNY,F
ZUNI,F
