nickname,canonicals
PAME,PAMELA
NATY,NATALIA|NATIVIDAD
NATI,NATALIA|NATIVIDAD
KIKE,ENRIQUE
QUIQUE,ENRIQUE
LUCHO,LUIS
LUCHI,LUIS|LUISA
LUCHA,LUISA
PEPE,JOSE
PEPA,JOSEFA|JOSEFINA
CHEPE,JOSE
BETO,ALBERTO|ROBERTO|HUMBERTO|NORBERTO|GILBERTO
TITO,ALBERTO|HECTOR|ROBERTO|MILCIADES
TOTO,ANTONIO|SALVADOR|HECTOR
COCO,JORGE|MARCOS|SOCORRO
TECHI,ESTHER|TERESA|MERCEDES
TERE,TERESA|TERESITA
TETE,TERESA
CHIQUI,MARIA
CACHO,CARLOS|OSCAR
CACHITO,CARLOS
PANCHO,FRANCISCO
PANCHA,FRANCISCA
PACO,FRANCISCO
CHECHO,SERGIO
CHENCHO,CRESENCIO|INOCENCIO
MARI,MARIA
MABEL,MABEL
MAJO,MARIA
MARIJO,MARIA
JUANCHO,JUAN
JUANCHA,JUANA
JUANI,JUAN|JUANA
JUANJO,JUAN
JOSEMA,JOSE
CHEMA,JOSE
NANDO,FERNANDO|HERNANDO
FER,FERNANDO|FERNANDA
FERCHO,FERNANDO
POLI,POLICARPO|HIPOLITO|APOLONIA
POLO,LEOPOLDO|HIPOLITO
LEO,LEONARDO|LEONCIO|LEOPOLDO|LEONA
NACHO,IGNACIO
NACHA,IGNACIA
TACHO,ANASTACIO|EUSTAQUIO
TANO,CAYETANO|GAETANO
VITO,VICTOR
VICKY,VICTORIA
VIKI,VICTORIA
VIKY,VICTORIA
TOÑO,ANTONIO
TONI,ANTONIO|ANTONIA
TONY,ANTONIO
ANTO,ANTONELLA|ANTONIA|ANTONIO
NELO,MANUEL|CORNELIO
NELA,MANUELA|CORNELIA
MANU,MANUEL|MANUELA|EMANUEL
LOLO,MANUEL|DOLORES
LOLA,DOLORES
LOLI,DOLORES|LOURDES
LULU,LOURDES|LUCIA|LUCILA
LULI,LOURDES|LUCIA|LUCIANA|LUZ
CHELO,MARCELO|CONSUELO
CHELA,GRACIELA|CONSUELO|MARCELA
MARCE,MARCELO|MARCELA
CHICHO,NARCISO
CHICHA,MERCEDES
MECHA,MERCEDES
MECHE,MERCEDES
MERCE,MERCEDES
CHARO,ROSARIO
CHARLY,CARLOS
CARLI,CARLOS
CARLITOS,CARLOS
KAKA,CARLOS
LITO,CARLOS|ANGEL|RAFAEL
NENE,IRENE|RUBEN
NENA,ELENA|MARIA
QUELO,EZEQUIEL
CHANO,FELICIANO|LUCIANO
TILO,OTILIO
TILA,OTILIA|MATILDE
TUCA,GERTRUDIS
YIYO,LUIS|SERGIO
YIYA,LUISA
PILI,PILAR
PILA,PILAR
MAGA,MAGDALENA|MARGARITA
MAGUI,MARGARITA|MAGDALENA
MARGA,MARGARITA
RITA,RITA|MARGARITA
TATA,ESTANISLAO
TATO,GERARDO|ESTANISLAO
YEYO,ELISEO|AURELIO
CHINO,JACINTO
CHINA,JACINTA
MINGO,DOMINGO
MINGA,DOMINGA
GLADIS,GLADYS
GORDI,MARIA
FLACO,FRANCISCO
GUILLE,GUILLERMO|GUILLERMINA
MEMO,GUILLERMO
WILLY,GUILLERMO|WILLIAM|WILFRIDO
WILLI,GUILLERMO|WILLIAM|WILFRIDO
FREDY,ALFREDO|FEDERICO|WILFRIDO
FREDDY,ALFREDO|FEDERICO|WILFRIDO
FEDE,FEDERICO
RIQUI,RICARDO|ENRIQUE
RICKY,RICARDO|ENRIQUE
RICHARD,RICARDO|RICHARD
RICHAR,RICARDO|RICHARD
RICHI,RICARDO|RICHARD
MOISE,MOISES
SANTI,SANTIAGO|SANTOS
YAGO,SANTIAGO
CHAGO,SANTIAGO
DIEGUI,DIEGO
SEBA,SEBASTIAN
SEBAS,SEBASTIAN
CHEBA,SEBASTIAN
TIANO,SEBASTIAN
NICO,NICOLAS|NICANOR
NIKI,NICOLAS|NICOLASA
COLA,NICOLAS
EDU,EDUARDO
LALO,EDUARDO|GONZALO
YAYO,EDUARDO
GONZA,GONZALO
RODRI,RODRIGO
RODO,RODOLFO
FITO,RODOLFO|ADOLFO
MATI,MATIAS
MATHI,MATIAS
AGUS,AGUSTIN|AGUSTINA
TINA,AGUSTINA|CRISTINA|VALENTINA|MARTINA
TINO,AGUSTIN|VALENTIN|CONSTANTINO|FAUSTINO
VALEN,VALENTIN|VALENTINA
VALE,VALERIA|VALENTINA
CRIS,CRISTIAN|CRISTINA|CRISTHIAN
CRISTI,CRISTINA|CRISTIAN
CECI,CECILIA
CHECHI,CECILIA|MERCEDES
KITY,CRISTINA
DANI,DANIEL|DANIELA
DANY,DANIEL|DANIELA
NELSO,NELSON
CHONA,ASUNCION|ENCARNACION
CHON,ASUNCION|CONCEPCION
CONCHI,CONCEPCION
SUSI,SUSANA
SUSY,SUSANA
SANDRI,SANDRA
ALE,ALEJANDRO|ALEJANDRA|ALEXANDER|ALEXIS
ALEX,ALEJANDRO|ALEXANDER|ALEXIS
JANO,ALEJANDRO
SASHA,ALEJANDRA
ADRI,ADRIANA|ADRIAN
GABI,GABRIEL|GABRIELA
GABY,GABRIEL|GABRIELA
BIEL,GABRIEL
RAFA,RAFAEL|RAFAELA
FELO,RAFAEL
MIGUE,MIGUEL
MICHEL,MIGUEL|MICHEL
MIKE,MIGUEL
ANGIE,ANGELA|ANGELICA|ANGELES
ANGY,ANGELA|ANGELICA
GELI,ANGELICA|EVANGELINA
EVA,EVA|EVANGELINA
EVI,EVA|EVELYN
EVE,EVELYN|EVA
LINA,CAROLINA|ADELINA|CATALINA|EVANGELINA
CARO,CAROLINA|CAROLA
CATA,CATALINA
KATY,CATALINA|KATHERINE
KATHYA,CATALINA|KATHERINE
KATHY,CATALINA|KATHERINE
ISA,ISABEL|ISABELINO
CHABELA,ISABEL
BELEN,BELEN
BELU,BELEN
BEA,BEATRIZ
BETY,BEATRIZ|ELIZABETH
BETTY,BEATRIZ|ELIZABETH
ELI,ELIZABETH|ELISA|ELIANA|ELIAS
LIZ,ELIZABETH|LIZ
LICHA,ELISA|ALICIA
CHABELI,ISABEL
MARIBEL,MARIA|MARIBEL
MARILU,MARIA
MARICEL,MARIA|MARICEL
MALU,MARIA
MARU,MARIA|MARIANA
MARIAN,MARIANA|MARIAN
YOLI,YOLANDA
YOLA,YOLANDA
LANDA,YOLANDA
IRMA,IRMA
MIRTA,MIRTA|MIRTHA
MIRTHA,MIRTA|MIRTHA
PATO,PATRICIO|PATRICIA
PATY,PATRICIA
PATRI,PATRICIA
PAT,PATRICIA|PATRICIO
NORI,NORMA|NORA
ROMI,ROMINA
ROMY,ROMINA
FLOR,FLORENCIA|FLORA|FLORINDA
FLORCHI,FLORENCIA
FIO,FIORELLA
SOL,SOL|SOLEDAD|MARISOL
SOLE,SOLEDAD
CHOLE,SOLEDAD
CHOLA,SOLEDAD
CHOLO,BARTOLOME|MANUEL
BARTO,BARTOLOME
LOURDES,LOURDES
LOUR,LOURDES
LUJAN,LUJAN
ROCHI,ROCIO
ROCI,ROCIO
CHIO,ROCIO
YESI,YESICA|YESSICA|JESSICA
YESSI,YESICA|YESSICA|JESSICA
JESSI,JESSICA
JESSY,JESSICA
YOHA,YOHANA|JOHANA
YOHI,YOHANA|JOHANA
JOHA,JOHANA|YOHANA
VERO,VERONICA
MONI,MONICA
MONA,MONICA|RAMONA
MONCHI,RAMON|MONICA
MONCHO,RAMON
RAMONCITO,RAMON
MONGO,RAMON
SILVI,SILVIA
CHIVA,SILVIA
SANTA,SANTA
NIDIA,NIDIA
LETI,LETICIA
LETY,LETICIA
LETIZIA,LETICIA
TICIA,LETICIA
MILI,MILAGROS|EMILIA|MILENA
EMI,EMILIA|EMILIO|EMILCE|EMANUEL
MELI,MELISA|MELINA
CAMI,CAMILA
MICA,MICAELA
MAKA,MACARENA
MACA,MACARENA
DEBO,DEBORA
DEBBIE,DEBORA
GRETA,MARGARITA
COQUI,JORGE
KOKI,JORGE
KOKE,JORGE
YOYA,GEORGINA|GLORIA
GEO,GEORGINA
GLO,GLORIA
CHILO,BASILIO|CIRILO
CHILA,BASILIA|CIRILA
QUELA,RAQUEL|MICAELA
RAQUE,RAQUEL
QUETA,ENRIQUETA
NN,
